{"cameraMode":{"drawMode":0,"name":"Shaded","section":"Shading Mode"},"sceneLighting":true,"audioPlay":false,"sceneViewState":{"showFog":true,"showMaterialUpdate":false,"showSkybox":true,"showFlares":true,"showImageEffects":true,"showParticleSystems":true},"in2DMode":false,"pivot":{"x":-1.8777923583984376,"y":-0.5709304809570313,"z":108.86268615722656},"rotation":{"x":-0.149404838681221,"y":0.763933002948761,"z":-0.19084616005420686,"w":-0.598048985004425},"size":45.84294891357422,"orthographic":false}